VideoID,	Title,	URL.	Tags
1PrQ25KkCdU	‚ÄúA Satguru‚Äôs Promise: ‚ÄòTo Those who Think Me Near, I am Near‚Äô‚Äù (in Hindi) | By Swami Chaitanyananda,	https://www.youtube.com/watch?v=1PrQ25KkCdU,	Swami Chaitanyananda|Hindi|2025|Guru|YSS|1:01:54 
zox8ZTFb6VI	‚ÄúAt the Feet of the Guru‚Äù‚Äî Studying the New SRF Lessons | 2020 SRF Online World Convocation	,https://www.youtube.com/watch?v=zox8ZTFb6VI,	2020|Convocation|SRF Lessons| English|Talk|SRF
b-LzFHT3Y2M	‚ÄúDeepening Our Practice of Meditation‚Äù | A Talk by YSS Sannyasi Swami Smaranananda Giri in English,	https://www.youtube.com/watch?v=b-LzFHT3Y2M,Swami Smaranananda Giri |Deepening Meditation|Engilish
FkWBsufZvz8	‚ÄúDynamic Will Can Change Your Life‚Äù by Brother Anandamoy,	https://www.youtube.com/watch?v=FkWBsufZvz8	,Brother Anandamoy|Will Power |SRF |English

S6SYLchhyxY	Autobiography of a Yogi (Tamil)  Audiobook - Introduction | ‡ÆÖ‡Æ±‡Æø‡ÆÆ‡ØÅ‡Æï‡ÆÆ‡Øç | ‡Æ™‡Æ∞‡ÆÆ‡Æπ‡ÆÆ‡Øç‡Æ∏ ‡ÆØ‡Øã‡Æï‡Ææ‡Æ©‡Æ®‡Øç‡Æ§‡Æ∞‡Øç	https://www.youtube.com/watch?v=S6SYLchhyxY.	Autobiography of a Yogi |Tamil|YSS
ic8kM4Rs95U	Ch01 Autobiography of a Yogi (Bengali) | ‡¶Ü‡¶Æ‡¶æ‡¶∞ ‡¶™‡¶ø‡¶§‡¶æ‡¶Æ‡¶æ‡¶§‡¶æ ‡¶ì ‡¶¨‡¶æ‡¶≤‡ßç‡¶Ø‡¶ú‡ßÄ‡¶¨‡¶® | ‡¶™‡¶∞‡¶Æ‡¶π‡¶Ç‡¶∏ ‡¶Ø‡ßã‡¶ó‡¶æ‡¶®‡¶®‡ßç‡¶¶ | ‡¶Ø‡ßã‡¶ó‡ßÄ-‡¶ï‡¶•‡¶æ‡¶Æ‡ßÉ‡¶§,	https://www.youtube.com/watch?v=ic8kM4Rs95U	, 	YSS	|	Autobiography of a Yogi |Bengali |YSS
BVf8E_ESqbQ	Ch01 Autobiography of a Yogi (Tamil) | ‡Æé‡Æ©‡Øç‚Äå ‡Æ™‡ØÜ‡Æ±‡Øç‡Æ±‡Øã‡Æ∞‡ØÅ‡ÆÆ‡Øç‚Äå ‡Æ™‡Æø‡Æ≥‡Øç‡Æ≥‡Øà‡Æ™‡Øç‚Äå ‡Æ™‡Æ∞‡ØÅ‡Æµ‡ÆÆ‡ØÅ‡ÆÆ‡Øç | ‡Æ™‡Æ∞‡ÆÆ‡Æπ‡ÆÆ‡Øç‡Æ∏ ‡ÆØ‡Øã‡Æï‡Ææ‡Æ©‡Æ®‡Øç‡Æ§‡Æ∞‡Øç	https://www.youtube.com/watch?v=BVf8E_ESqbQ	. YSS	|	Autobiography of a Yogi |Tamil
OuBeOiy6Mvo	Ch02 Autobiography of a Yogi (Bengali) | ‡¶Ü‡¶Æ‡¶æ‡¶∞ ‡¶Æ‡¶æ‡¶§‡ßÉ‡¶¨‡¶ø‡¶Ø‡¶º‡ßã‡¶ó ‡¶ì ‡¶Æ‡¶®‡ßç‡¶§‡ßç‡¶∞‡¶™‡ßÇ‡¶§ ‡¶ï‡¶¨‡¶ö | ‡¶™‡¶∞‡¶Æ‡¶π‡¶Ç‡¶∏ ‡¶Ø‡ßã‡¶ó‡¶æ‡¶®‡¶®‡ßç‡¶¶	https://www.youtube.com/watch?v=OuBeOiy6Mvo,		YSS	|	Autobiography of a Yogi |Bengali |YSS
5cC3Sbpu8is	Ch02 Autobiography of a Yogi (Tamil) | ‡Æé‡Æ©‡Øç‚Äå ‡ÆÖ‡Æ©‡Øç‡Æ©‡Øà‡ÆØ‡Æø‡Æ©‡Øç‚Äå ‡ÆÆ‡Æ±‡Øà‡Æµ‡ØÅ‡ÆÆ‡Øç‚Äå ‡ÆÆ‡Ææ‡ÆØ‡Æ§‡Øç‚Äå ‡Æ§‡Ææ‡ÆØ‡Æ§‡Øç‡Æ§‡ØÅ‡ÆÆ‡Øç |‡Æ™‡Æ∞‡ÆÆ‡Æπ‡ÆÆ‡Øç‡Æ∏ ‡ÆØ‡Øã‡Æï‡Ææ‡Æ©‡Æ®‡Øç‡Æ§‡Æ∞‡Øç	https://www.youtube.com/watch?v=5cC3Sbpu8is,	 	YSS	|	Autobiography of a Yogi |Tamil
lTTDq_UOvqk	Ch03 Autobiography of a Yogi (Bengali) | ‡¶¶‡ßÅ‡¶á ‡¶¶‡ßá‡¶π‡¶ß‡¶æ‡¶∞‡ßÄ ‡¶∏‡¶æ‡¶ß‡ßÅ ( ‡¶∏‡ßç‡¶¨‡¶æ‡¶Æ‡ßÄ ‡¶™‡ßç‡¶∞‡¶£‡¶¨‡¶æ‡¶®‡¶®‡ßç‡¶¶ ) | ‡¶™‡¶∞‡¶Æ‡¶π‡¶Ç‡¶∏ ‡¶Ø‡ßã‡¶ó‡¶æ‡¶®‡¶®‡ßç‡¶¶	https://www.youtube.com/watch?v=lTTDq_UOvqk	.YSS	|	Autobiography of a Yogi |Bengali |YSS
GXJ6p8GgqFs	Ch03 Autobiography of a Yogi (Tamil) | ‡Æà‡Æ∞‡ØÅ‡Æü‡Æ≤‡Øç‚Äå ‡Æï‡Øä‡Æ£‡Øç‡Æü ‡ÆÆ‡Æï‡Ææ‡Æ©‡Øç‚Äå (‡Æ∏‡Øç‡Æµ‡Ææ‡ÆÆ‡Æø ‡Æ™‡Æø‡Æ∞‡Æ£‡Æµ‡Ææ‡Æ©‡Æ®‡Øç‡Æ§‡Æ∞‡Øç) ‡Æ™‡Æ∞‡ÆÆ‡Æπ‡ÆÆ‡Øç‡Æ∏ ‡ÆØ‡Øã‡Æï‡Ææ‡Æ©‡Æ®‡Øç‡Æ§‡Æ∞‡Øç	https://www.youtube.com/watch?v=GXJ6p8GgqFs,	YSS	|	Autobiography of a Yogi |Tamil
Mmow217Bi0g	Ch04 Autobiography of a Yogi (Bengali) | ‡¶Ü‡¶Æ‡¶æ‡¶∞ ‡¶π‡¶ø‡¶Æ‡¶æ‡¶≤‡¶Ø‡¶º ‡¶™‡¶≤‡¶æ‡¶Ø‡¶º‡¶£‡ßá ‡¶¨‡¶æ‡¶ß‡¶æ | ‡¶™‡¶∞‡¶Æ‡¶π‡¶Ç‡¶∏ ‡¶Ø‡ßã‡¶ó‡¶æ‡¶®‡¶®‡ßç‡¶¶ | ‡¶Ø‡ßã‡¶ó‡ßÄ-‡¶ï‡¶•‡¶æ‡¶Æ‡ßÉ‡¶§	https://www.youtube.com/watch?v=Mmow217Bi0g	,	YSS	|	Autobiography of a Yogi |Bengali |YSS
a8dNPDSrnGg	Ch04 Autobiography of a Yogi (Tamil) | ‡Æé‡Æ©‡Øç‚Äå ‡Æ§‡Æü‡Øà‡Æ™‡Øç‡Æ™‡Æü‡Øç‡Æü ‡Æá‡ÆÆ‡ÆØ‡Æ™‡Øç‚Äå ‡Æ™‡ÆØ‡Æ£‡ÆÆ‡Øç | ‡Æ™‡Æ∞‡ÆÆ‡Æπ‡ÆÆ‡Øç‡Æ∏ ‡ÆØ‡Øã‡Æï‡Ææ‡Æ©‡Æ®‡Øç‡Æ§‡Æ∞‡Øç	https://www.youtube.com/watch?v=a8dNPDSrnGg	,	YSS	|	Autobiography of a Yogi |Tamil
